IP地址,端口,地区
nekocloud.tencentapp.cn,443,🇸🇬 新加坡 01
13.229.105.220,443,🇸🇬 新加坡 02
18.136.38.253,443,🇸🇬 新加坡 03
13.212.35.67,443,🇸🇬 新加坡 04
13.229.208.99,443,🇸🇬 新加坡 05
27.50.48.255,8443,🇸🇬 新加坡 06
43.134.29.21,452,🇸🇬 新加坡 07
13.250.31.132,443,🇸🇬 新加坡 08
27.50.48.72,2087,🇸🇬 新加坡 09
18.143.76.130,443,🇸🇬 新加坡 10
27.50.48.206,443,🇸🇬 新加坡 11
43.161.222.233,443,🇭🇰 香港 01
8.223.63.150,443,🇭🇰 香港 02
43.161.222.97,443,🇭🇰 香港 03
8.218.189.27,443,🇭🇰 香港 04
149.104.28.191,443,🇭🇰 香港 05
116.206.178.228,33483,🇭🇰 香港 06
149.104.31.235,443,🇭🇰 香港 07
83.229.123.16,443,🇭🇰 香港 08
34.92.187.216,443,🇭🇰 香港 09
149.104.30.91,443,🇭🇰 香港 10
18.183.158.211,443,🇯🇵 日本 01
54.95.94.250,443,🇯🇵 日本 02
52.197.185.136,443,🇯🇵 日本 03
185.184.223.73,50005,🇯🇵 日本 04
153.121.45.101,443,🇯🇵 日本 05
103.117.102.13,443,🇯🇵 日本 06
43.165.180.71,8443,🇯🇵 日本 07
103.117.102.199,443,🇯🇵 日本 08
151.242.165.214,4434,🇯🇵 日本 09
8.209.202.241,443,🇯🇵 日本 10
35.221.210.167,443,🇨🇳 台湾 01
34.81.140.124,10240,🇨🇳 台湾 02
220.128.110.108,43,🇨🇳 台湾 03
203.69.248.40,10443,🇨🇳 台湾 04
60.248.139.106,32770,🇨🇳 台湾 05
166.0.198.81,28080,🇨🇳 台湾 06
114.32.9.249,51443,🇨🇳 台湾 07
121.129.142.156,12177,🇰🇷 韩国 01
112.171.121.20,10911,🇰🇷 韩国 02
220.84.96.55,33389,🇰🇷 韩国 03
121.161.167.177,12536,🇰🇷 韩国 04
222.97.135.19,12430,🇰🇷 韩国 05
59.24.247.173,21278,🇰🇷 韩国 06
118.42.77.54,22206,🇰🇷 韩国 07
210.113.210.186,12356,🇰🇷 韩国 08
222.114.61.199,22000,🇰🇷 韩国 09
121.131.86.236,11688,🇰🇷 韩国 10
172.64.154.113,8443,🇺🇸 美国 01
8.39.125.3,443,🇺🇸 美国 02
8.35.211.41,8443,🇺🇸 美国 03
8.35.211.187,2087,🇺🇸 美国 04
8.35.211.15,2087,🇺🇸 美国 05
76.223.77.48,443,🇺🇸 美国 06
172.64.153.193,2083,🇺🇸 美国 07
8.35.211.240,2053,🇺🇸 美国 08
8.35.211.250,2083,🇺🇸 美国 09
162.159.35.140,2087,🇺🇸 美国 10
51.89.224.186,8443,🇬🇧 英国 01
159.65.209.22,2096,🇬🇧 英国 02
46.101.53.41,2083,🇬🇧 英国 03
5.144.182.188,443,🇬🇧 英国 04
79.72.91.32,443,🇬🇧 英国 05
51.89.1.231,8443,🇬🇧 英国 06
51.89.22.80,8443,🇬🇧 英国 07
57.129.137.59,8443,🇬🇧 英国 08
167.71.142.75,2096,🇬🇧 英国 09
57.128.182.234,8443,🇬🇧 英国 10
